{"cameraMode":{"drawMode":0,"name":"Shaded","section":"Shading Mode"},"sceneLighting":true,"audioPlay":false,"sceneViewState":{"showFog":true,"showMaterialUpdate":false,"showSkybox":true,"showFlares":true,"showImageEffects":true,"showParticleSystems":true},"in2DMode":false,"pivot":{"x":49.99755096435547,"y":21.217382431030275,"z":19.28278923034668},"rotation":{"x":-0.19476653635501862,"y":0.08726160228252411,"z":-0.017399264499545099,"w":-0.9768069982528687},"size":57.13261413574219,"orthographic":false}