{"cameraMode":{"drawMode":0,"name":"Shaded","section":"Shading Mode"},"sceneLighting":true,"audioPlay":false,"sceneViewState":{"showFog":true,"showMaterialUpdate":false,"showSkybox":true,"showFlares":true,"showImageEffects":true,"showParticleSystems":true},"in2DMode":false,"pivot":{"x":50.40750503540039,"y":17.700000762939454,"z":26.087390899658204},"rotation":{"x":0.1465279459953308,"y":0.4161508083343506,"z":-0.06814409792423248,"w":0.8948238492012024},"size":10.574169158935547,"orthographic":false}