{"cameraMode":{"drawMode":0,"name":"Shaded","section":"Shading Mode"},"sceneLighting":true,"audioPlay":false,"sceneViewState":{"showFog":true,"showMaterialUpdate":false,"showSkybox":true,"showFlares":true,"showImageEffects":true,"showParticleSystems":true},"in2DMode":false,"pivot":{"x":182.73556518554688,"y":4.443885803222656,"z":37.18351364135742},"rotation":{"x":0.03645062446594238,"y":0.702576756477356,"z":-0.036079708486795428,"w":0.7097622752189636},"size":215.8923797607422,"orthographic":false}